Datetime,Water Level (m)
2025-04-27 12:00:00,-1.3389144
2025-04-27 13:00:00,-1.5239694
2025-04-27 14:00:00,-1.1629095
2025-04-27 15:00:00,-0.13369337
2025-04-27 16:00:00,0.68328255
2025-04-27 17:00:00,1.3466586
2025-04-27 18:00:00,1.548349
2025-04-27 19:00:00,1.4465758
2025-04-27 20:00:00,0.7925192
2025-04-27 21:00:00,0.026788978
2025-04-27 22:00:00,-0.6042045
2025-04-27 23:00:00,-1.0875149
2025-04-28 00:00:00,-1.4894303
2025-04-28 01:00:00,-1.7267865
2025-04-28 02:00:00,-1.5949385
2025-04-28 03:00:00,-0.4860595
2025-04-28 04:00:00,0.43561926
2025-04-28 05:00:00,1.233054
2025-04-28 06:00:00,1.6895162
2025-04-28 07:00:00,1.7577194
2025-04-28 08:00:00,1.4069626
2025-04-28 09:00:00,0.679311
2025-04-28 10:00:00,-0.050473694
2025-04-28 11:00:00,-0.6198609
2025-04-28 12:00:00,-1.0742358
2025-04-28 13:00:00,-1.425451
2025-04-28 14:00:00,-1.5673453
2025-04-28 15:00:00,-0.94337493
2025-04-28 16:00:00,0.13719818
2025-04-28 17:00:00,0.96125466
2025-04-28 18:00:00,1.5286174
2025-04-28 19:00:00,1.5806048
2025-04-28 20:00:00,1.1945688
2025-04-28 21:00:00,0.45793432
2025-04-28 22:00:00,-0.29051706
2025-04-28 23:00:00,-0.8290573
2025-04-29 00:00:00,-1.2747575
2025-04-29 01:00:00,-1.599003
2025-04-29 02:00:00,-1.7390255
2025-04-29 03:00:00,-1.2651343
2025-04-29 04:00:00,-0.15543818
2025-04-29 05:00:00,0.73640347
2025-04-29 06:00:00,1.4873973
2025-04-29 07:00:00,1.7536823
2025-04-29 08:00:00,1.7356856
2025-04-29 09:00:00,1.2239174
2025-04-29 10:00:00,0.47423095
2025-04-29 11:00:00,-0.23836988
2025-04-29 12:00:00,-0.77824026
2025-04-29 13:00:00,-1.2097968
2025-04-29 14:00:00,-1.4919832
2025-04-29 15:00:00,-1.4743907
2025-04-29 16:00:00,-0.59559023
2025-04-29 17:00:00,0.31032208
2025-04-29 18:00:00,1.0417869
2025-04-29 19:00:00,1.4873905
2025-04-29 20:00:00,1.4511247
2025-04-29 21:00:00,0.89347863
2025-04-29 22:00:00,0.14610705
2025-04-29 23:00:00,-0.4913998
2025-04-30 00:00:00,-0.967286
2025-04-30 01:00:00,-1.3816373
2025-04-30 02:00:00,-1.6433296
2025-04-30 03:00:00,-1.6704127
2025-04-30 04:00:00,-0.875928
2025-04-30 05:00:00,0.114664756
2025-04-30 06:00:00,0.9625104
2025-04-30 07:00:00,1.6126497
2025-04-30 08:00:00,1.7652864
2025-04-30 09:00:00,1.5746621
2025-04-30 10:00:00,0.9232154
2025-04-30 11:00:00,0.19106384
2025-04-30 12:00:00,-0.42509016
2025-04-30 13:00:00,-0.8809791
2025-04-30 14:00:00,-1.2867216
2025-04-30 15:00:00,-1.4585898
2025-04-30 16:00:00,-1.2359184
2025-04-30 17:00:00,-0.25314167
2025-04-30 18:00:00,0.53113174
2025-04-30 19:00:00,1.1330878
2025-04-30 20:00:00,1.4308747
2025-04-30 21:00:00,1.2486726
2025-04-30 22:00:00,0.6728486
2025-04-30 23:00:00,-0.09079231
2025-05-01 00:00:00,-0.65436465
2025-05-01 01:00:00,-1.0709704
2025-05-01 02:00:00,-1.4010303
2025-05-01 03:00:00,-1.5617867
2025-05-01 04:00:00,-1.300564
2025-05-01 05:00:00,-0.36315528
2025-05-01 06:00:00,0.43679842
2025-05-01 07:00:00,1.138592
2025-05-01 08:00:00,1.5526317
2025-05-01 09:00:00,1.6142219
2025-05-01 10:00:00,1.295319
2025-05-01 11:00:00,0.64428705
2025-05-01 12:00:00,-0.04967207
2025-05-01 13:00:00,-0.5728953
2025-05-01 14:00:00,-0.9643701
2025-05-01 15:00:00,-1.2662913
2025-05-01 16:00:00,-1.3215144
2025-05-01 17:00:00,-0.8351109
2025-05-01 18:00:00,0.013049777
2025-05-01 19:00:00,0.6485162
2025-05-01 20:00:00,1.0841464
2025-05-01 21:00:00,1.248589
2025-05-01 22:00:00,0.9341009
2025-05-01 23:00:00,0.26980805
2025-05-02 00:00:00,-0.34043846
2025-05-02 01:00:00,-0.79771894
2025-05-02 02:00:00,-1.1643642
2025-05-02 03:00:00,-1.3857179
2025-05-02 04:00:00,-1.4049764
2025-05-02 05:00:00,-0.87489915
2025-05-02 06:00:00,-0.032979906
2025-05-02 07:00:00,0.65886366
2025-05-02 08:00:00,1.2231165
2025-05-02 09:00:00,1.4694029
2025-05-02 10:00:00,1.430611
2025-05-02 11:00:00,0.99060875
2025-05-02 12:00:00,0.3660538
2025-05-02 13:00:00,-0.21515845
2025-05-02 14:00:00,-0.645266
2025-05-02 15:00:00,-0.96751034
2025-05-02 16:00:00,-1.1666895
2025-05-02 17:00:00,-1.1044902
2025-05-02 18:00:00,-0.54208845
2025-05-02 19:00:00,0.17316788
2025-05-02 20:00:00,0.6955663
2025-05-02 21:00:00,0.99007434
2025-05-02 22:00:00,1.0214663
2025-05-02 23:00:00,0.654603
2025-05-03 00:00:00,0.08588515
2025-05-03 01:00:00,-0.41075987
2025-05-03 02:00:00,-0.79029584
2025-05-03 03:00:00,-1.0660498
2025-05-03 04:00:00,-1.1772509
2025-05-03 05:00:00,-1.0395441
2025-05-03 06:00:00,-0.44154212
2025-05-03 07:00:00,0.2279061
2025-05-03 08:00:00,0.78504056
2025-05-03 09:00:00,1.2109466
2025-05-03 10:00:00,1.345784
2025-05-03 11:00:00,1.1858668
2025-05-03 12:00:00,0.7582685
